"","1117908","164915","1726426","3944484","4394926","4399988","4417158","4418165","4454257","4456892","4458775","691423"
"1",0,0,0,0,17138,2676,0,0,10977,0,4414,0
"2",0,0,0,0,4601,17413,0,0,13191,0,0,0
"3",0,0,0,0,792,13813,0,0,17490,0,3110,0
"4",0,0,0,0,8120,7655,0,0,17713,0,1717,0
"5",0,0,0,0,4086,4245,0,0,26689,0,185,0
"6",0,0,0,0,4413,6688,0,3881,19729,0,494,0
"7",0,0,0,0,6714,14649,1770,0,10294,0,1778,0
"8",0,0,0,930,5382,8859,0,0,19453,0,581,0
"9",0,0,0,0,3320,14043,943,0,16899,0,0,0
"10",0,0,0,207,13755,9700,0,232,10987,0,324,0
"11",0,0,0,0,1892,6166,0,0,23774,0,3373,0
"12",0,0,0,0,10792,9024,0,3824,11565,0,0,0
"13",0,0,0,0,7192,8908,0,0,8172,5309,5624,0
"14",0,0,0,296,3826,7580,197,3260,19495,144,407,0
"15",0,0,0,0,9824,11096,0,0,12049,0,2236,0
"16",0,0,0,0,4608,16020,0,0,13867,0,710,0
"1",0,0,0,0,1752,14393,0,0,14834,0,4226,0
"2",0,0,0,0,10241,5937,440,0,16815,0,1772,0
"3",0,0,0,0,11296,11306,0,0,10243,0,2360,0
"4",0,0,0,0,5622,6001,0,0,13983,0,9599,0
"5",0,0,0,0,7411,7745,0,0,18609,0,307,1133
"6",0,0,2811,0,2130,18598,0,956,8535,0,747,1428
"7",0,0,0,0,2711,16057,2124,0,11692,0,2621,0
"8",0,2540,0,0,5748,4119,1947,0,20851,0,0,0
"9",0,0,0,0,9493,6736,0,2587,16059,0,330,0
"10",0,0,0,0,3917,10688,0,0,18813,0,1787,0
"11",0,0,0,0,3465,10749,797,0,20194,0,0,0
"12",0,1476,0,0,1119,6068,294,0,23338,0,2910,0
"13",0,232,0,0,2038,9878,0,300,22757,0,0,0
"14",0,0,0,0,9237,9809,0,0,16159,0,0,0
"15",0,0,0,0,5533,23162,1030,0,3999,0,1481,0
"16",0,0,0,299,5377,13165,0,0,12007,0,865,3492
"1",2278,0,0,428,5191,10861,0,0,16447,0,0,0
"2",0,0,0,2992,5490,10075,0,0,15023,0,1625,0
"3",0,4435,0,0,4621,11136,0,1492,13340,0,181,0
"4",0,0,0,0,4112,15977,0,0,15116,0,0,0
"5",0,0,0,0,12179,5371,0,0,17655,0,0,0
"6",0,0,0,0,12068,4694,0,2027,14990,0,1426,0
"7",0,0,0,0,3805,10038,0,797,20565,0,0,0
"8",0,0,0,0,1589,10983,695,0,19009,0,2929,0
"9",0,1935,0,0,7180,9768,0,0,16322,0,0,0
"10",0,3036,0,0,3133,13593,0,826,14617,0,0,0
"11",0,0,0,0,427,5936,0,0,24276,0,4566,0
"12",0,0,0,0,8506,2666,0,0,23021,0,1012,0
"13",0,0,0,0,13779,4258,2991,0,13276,0,901,0
"14",4545,0,0,0,9754,7523,0,0,12579,0,804,0
"15",0,0,0,0,3727,9090,0,142,20472,0,1774,0
"16",0,1731,0,1957,6178,16356,0,0,8983,0,0,0
"1",0,0,0,0,10600,6220,0,1013,17372,0,0,0
"2",0,0,0,0,6373,7533,88,0,16959,0,4252,0
"3",0,0,0,2026,5235,17835,0,0,8617,0,1492,0
"4",0,1731,0,0,4337,3749,0,0,25388,0,0,0
"5",0,2052,0,0,4998,14467,0,0,13647,0,41,0
"6",0,0,0,0,8684,8731,0,1505,16285,0,0,0
"7",0,0,0,0,782,2016,3636,0,28771,0,0,0
"8",0,0,0,0,11145,4998,0,0,13238,0,5397,427
"9",0,0,0,0,277,15746,540,27,14459,0,4156,0
"10",0,0,0,1322,4957,8626,0,0,16876,0,3424,0
"11",0,0,0,1259,6354,8938,0,0,18573,0,81,0
"12",0,0,0,1607,1288,6926,0,0,22188,0,3196,0
"13",0,0,0,0,4509,11894,0,0,18802,0,0,0
"14",0,0,0,2471,8187,9582,0,0,14965,0,0,0
"15",0,1349,0,480,5945,4521,0,0,20914,0,1996,0
"16",0,0,0,0,17473,5280,0,0,10606,1846,0,0
"1",0,0,0,0,5854,15193,0,0,13372,0,786,0
"2",0,0,0,0,2478,6144,0,0,26583,0,0,0
"3",0,0,3322,0,552,23267,0,0,8064,0,0,0
"4",0,0,0,0,1765,11716,418,0,19264,0,2042,0
"5",0,0,0,0,4396,17645,0,0,12718,0,446,0
"6",0,0,0,0,6581,5766,0,0,21166,0,1692,0
"7",0,0,0,1527,0,8695,0,0,24212,0,771,0
"8",0,0,0,0,2113,14874,1148,0,14502,0,2568,0
"9",0,0,0,0,7014,5007,0,0,23184,0,0,0
"10",0,371,0,929,3048,6109,0,0,19327,0,5421,0
"11",0,0,0,0,2252,8944,0,2910,18992,0,2107,0
"12",0,0,0,0,7476,6667,0,0,13806,0,6894,362
"13",0,0,0,0,513,6598,0,0,23381,0,4713,0
"14",0,0,0,285,6272,4110,0,0,24133,0,405,0
"15",0,0,0,0,5798,10147,3088,0,16054,0,0,118
"16",0,0,0,0,2105,6618,2455,0,22747,0,1280,0
"1",0,0,0,0,2086,2303,0,0,27482,0,3334,0
"2",0,0,0,0,3142,10959,0,0,20660,0,444,0
"3",0,0,0,0,2321,1979,0,3811,26978,0,116,0
"4",0,0,0,0,17854,10194,0,0,7157,0,0,0
"5",0,0,0,0,1637,10490,0,0,22366,0,712,0
"6",0,0,0,0,3858,9417,0,1589,20341,0,0,0
"7",0,0,0,0,6977,7472,0,0,20756,0,0,0
"8",0,0,0,0,15560,10902,0,0,7381,0,1362,0
"9",0,618,0,0,2995,1068,0,0,30524,0,0,0
"10",0,0,0,1776,11759,10683,270,0,10717,0,0,0
"11",0,0,0,3233,1759,9424,0,0,20789,0,0,0
"12",0,0,225,0,8294,8091,0,0,18595,0,0,0
"13",0,0,0,0,16344,6226,0,0,10994,0,1502,139
"14",0,1848,0,0,2248,12152,0,469,18488,0,0,0
"15",0,0,0,0,11294,9195,0,0,13474,0,1242,0
"16",0,0,0,0,5064,7034,0,0,18190,0,4917,0
"1",0,0,0,0,8817,4268,0,1321,20361,0,438,0
"2",0,0,0,788,1503,6126,0,0,18833,0,7955,0
"3",0,0,0,0,5884,16009,0,0,8608,0,4704,0
"4",0,0,0,0,3625,12814,0,0,17918,0,848,0
"5",0,0,0,605,4510,17730,0,0,9715,0,2645,0
"6",0,0,0,0,0,16097,0,0,18658,0,450,0
"7",0,0,232,0,5364,16086,0,0,11098,0,2425,0
"8",0,779,1092,0,2848,11549,200,0,11169,0,7568,0
"9",0,0,0,487,7745,16464,0,1783,8726,0,0,0
"10",0,0,2,0,2885,6870,1883,0,22390,0,0,1175
"11",0,0,0,0,2010,8554,0,0,21778,0,2863,0
"12",40,0,0,0,3465,9114,1798,0,18926,0,1862,0
"13",0,0,0,0,5149,13725,0,0,11236,0,5095,0
"14",0,0,0,0,1643,15289,0,0,16003,0,2270,0
"15",0,446,0,0,10077,4542,0,0,20140,0,0,0
"16",0,0,0,0,7031,9184,0,0,16600,0,2390,0
"1",0,0,0,0,4492,2332,3745,0,23680,0,956,0
"2",0,0,0,0,7003,6848,1519,0,19835,0,0,0
"3",0,0,0,0,1039,4805,0,0,27578,0,1783,0
"4",0,0,0,290,2128,14177,1041,0,17569,0,0,0
"5",0,0,0,2237,11383,7565,274,0,13746,0,0,0
"6",0,0,0,0,4077,11225,0,0,18946,0,957,0
"7",0,0,0,0,3255,12157,0,921,17731,0,0,1141
"8",0,0,0,0,8430,15076,865,0,10834,0,0,0
"9",0,0,0,3677,4941,15812,0,0,10775,0,0,0
"10",0,0,0,1599,3388,5496,0,0,21077,0,3645,0
"11",302,0,0,6158,4675,3840,0,0,19564,0,666,0
"12",0,1782,0,643,9941,10447,961,0,11216,0,215,0
"13",0,0,0,0,1713,16561,0,0,14312,0,2305,314
"14",0,0,0,0,5559,12809,0,0,16229,0,608,0
"15",0,0,0,0,2496,7718,0,3449,18490,0,3052,0
"16",0,0,0,0,5376,8368,694,0,20440,0,45,282
"1",0,0,0,0,5882,9274,0,158,18099,0,1792,0
"2",0,0,0,0,789,7042,0,0,22472,0,4902,0
"3",0,0,1285,0,3443,8191,2585,0,19701,0,0,0
"4",0,0,0,0,0,14107,0,0,20672,0,426,0
"5",0,0,0,718,15207,6859,0,0,12421,0,0,0
"6",0,0,0,0,11220,10781,0,0,9552,0,3652,0
"7",0,0,0,1442,4272,9205,1004,0,18802,0,480,0
"8",0,0,0,0,3634,11982,0,0,16314,0,3275,0
"9",0,2899,0,174,12438,3469,1981,0,13025,0,1219,0
"10",0,0,0,0,6649,14936,700,0,12526,0,394,0
"11",0,5161,0,0,7168,8120,0,425,9172,0,5159,0
"12",0,0,0,0,5894,10909,0,4469,13807,0,126,0
"13",0,0,0,0,6951,5080,0,0,19520,0,3654,0
"14",0,0,0,0,8111,4978,1491,0,19537,0,1088,0
"15",0,0,0,0,7732,2837,0,0,20913,0,3723,0
"16",0,0,0,0,5692,12373,0,0,16205,0,935,0
"1",0,0,0,0,12023,14126,0,0,6294,0,2762,0
"2",0,0,0,0,4657,3982,0,0,26566,0,0,0
"3",0,418,0,0,3209,17801,0,0,7291,0,6486,0
"4",0,0,0,0,7414,7975,0,0,14726,0,5090,0
"5",0,0,0,0,2177,9756,0,0,17165,0,6107,0
"6",0,0,0,0,5895,2091,0,0,23420,0,3799,0
"7",0,0,0,0,5506,10167,0,0,18756,0,776,0
"8",0,0,0,0,7708,5700,0,0,14876,0,2756,4165
"9",0,0,0,876,1111,11525,29,0,16893,0,4771,0
"10",0,87,0,0,3386,10360,0,0,21372,0,0,0
"11",0,0,0,0,3255,4049,0,2673,19858,0,5370,0
"12",0,0,0,3079,4271,14859,0,0,12996,0,0,0
"13",0,0,0,0,1977,8968,7315,0,13410,0,3535,0
"14",0,0,0,0,381,12197,0,0,22627,0,0,0
"15",0,0,0,0,5841,10345,0,874,17183,0,962,0
"16",0,0,1893,0,6412,8167,0,2510,16223,0,0,0
"1",0,0,0,0,3858,3154,2546,0,24008,0,1639,0
"2",0,1314,0,0,10381,11110,793,0,7917,0,3690,0
"3",0,0,0,0,5913,8849,0,3944,10332,0,0,6167
"4",0,2183,0,2809,11545,9559,0,0,6001,0,3108,0
"5",0,0,0,1880,7503,5153,0,0,19794,0,875,0
"6",0,0,0,0,11373,2466,0,0,21366,0,0,0
"7",0,240,0,0,3451,13218,2201,0,13674,0,2421,0
"8",0,1875,0,0,10497,7072,113,0,15029,0,619,0
"9",0,0,0,4058,5906,15443,0,764,9034,0,0,0
"10",0,0,0,0,6926,5340,0,0,22939,0,0,0
"11",0,0,0,0,4584,7674,0,542,22405,0,0,0
"12",0,237,0,0,3049,13928,0,0,16479,0,564,948
"13",0,0,0,0,13628,3023,0,0,12125,0,6429,0
"14",0,0,0,0,11495,14028,0,0,7881,0,1801,0
"15",0,0,0,0,865,5791,652,0,27897,0,0,0
"16",0,0,0,0,2230,15638,0,0,17337,0,0,0
"1",0,0,0,0,199,12928,0,0,19154,0,2924,0
"2",0,0,0,0,5638,7408,0,2373,19007,0,779,0
"3",0,0,0,0,2418,13675,0,0,13108,0,6004,0
"4",0,0,0,0,5888,11345,0,3150,14820,0,2,0
"5",0,0,1910,0,11349,10423,0,0,10199,0,1324,0
"6",0,0,2137,0,8002,3817,0,1362,19887,0,0,0
"7",0,0,0,3041,5925,4983,0,0,17280,0,1763,2213
"8",0,0,0,0,1515,25773,0,1527,4857,0,0,1533
"9",0,0,0,0,16552,3706,0,0,12285,0,1852,810
"10",0,0,0,0,2827,9343,0,0,21679,0,1356,0
"11",0,0,0,0,3949,7066,0,0,20739,0,3451,0
"12",0,0,0,0,7495,13182,0,0,7649,0,6879,0
"13",0,0,0,0,9144,13023,0,0,11965,0,1073,0
"14",0,0,0,1297,7893,2615,2,2445,20953,0,0,0
"15",0,0,0,0,11688,9413,0,0,13656,0,448,0
"16",0,0,0,0,0,11601,0,0,22474,0,326,804
"1",0,443,0,0,6115,14192,0,0,12183,0,2272,0
"2",0,0,0,0,5627,12221,0,0,11785,0,5368,204
"3",0,0,0,0,1812,5289,8439,0,19500,0,165,0
"4",0,0,0,644,4390,13495,0,0,16676,0,0,0
"5",0,0,0,5755,1552,5536,0,0,14253,0,8109,0
"6",0,0,0,1246,2240,18524,0,3023,10172,0,0,0
"7",0,0,0,0,4928,9064,0,0,21213,0,0,0
"8",0,5917,0,470,7877,1004,0,0,19891,0,46,0
"9",0,0,0,0,3661,10633,0,0,20911,0,0,0
"10",0,0,0,0,8560,9223,1024,0,16217,0,105,76
"11",0,0,0,0,2044,26945,0,0,3881,0,2335,0
"12",0,0,0,1220,11103,261,293,3573,18755,0,0,0
"13",0,0,0,0,2708,6401,0,0,13286,0,12810,0
"14",0,0,0,0,9878,2307,1608,0,17765,0,3647,0
"15",0,1837,0,0,2483,11725,0,0,19160,0,0,0
"16",1866,0,0,0,3863,8406,1287,0,17770,0,2013,0
"1",0,0,0,0,5532,2836,0,563,26274,0,0,0
"2",0,0,0,2403,3226,8951,0,4699,15926,0,0,0
"3",0,0,0,0,9050,6185,329,0,17881,0,1760,0
"4",0,0,0,0,1444,6421,4067,1695,21578,0,0,0
"5",0,80,0,0,6441,9551,0,0,19133,0,0,0
"6",0,0,0,0,1021,7094,5341,947,14537,0,6265,0
"7",0,0,0,0,7610,12591,798,0,10693,0,3513,0
"8",0,0,0,1433,3438,14885,0,3746,10643,0,1060,0
"9",0,0,0,120,2466,4834,0,0,27785,0,0,0
"10",0,0,0,0,1326,9843,0,0,23406,0,630,0
"11",0,0,0,2422,8183,4635,0,1135,18124,0,706,0
"12",0,0,0,0,7976,12843,0,1348,13038,0,0,0
"13",0,0,0,0,15448,2613,0,0,16113,0,1031,0
"14",0,0,0,0,303,14840,2505,0,17557,0,0,0
"15",0,0,0,0,1440,19163,0,0,13435,0,1167,0
"16",0,0,0,3923,5288,1700,4043,2087,18164,0,0,0
"1",0,0,0,117,403,14255,0,0,20430,0,0,0
"2",0,0,0,850,4906,1517,0,0,15044,0,12888,0
"3",744,870,0,0,8276,11608,0,0,10678,0,3029,0
"4",0,0,0,1593,12443,5922,1204,390,13348,0,174,131
"5",0,0,0,0,1349,11373,0,0,22483,0,0,0
"6",0,2934,0,3433,0,8352,1810,0,18676,0,0,0
"7",0,0,0,0,7310,6329,0,0,19007,0,2559,0
"8",0,465,0,524,10198,10197,627,78,13116,0,0,0
"9",0,0,0,0,3517,14375,0,0,17260,0,53,0
"10",0,0,0,2535,8834,5234,0,0,18188,0,414,0
"11",0,184,1919,0,8157,7763,0,0,17182,0,0,0
"12",0,0,0,0,11681,8206,0,0,14740,0,0,578
"13",0,0,0,591,13705,3562,0,0,15287,0,2060,0
"14",0,0,0,0,2496,10601,0,4045,15293,0,2770,0
"15",0,0,0,500,13450,8359,0,272,11692,0,932,0
"16",0,0,0,0,11175,6157,0,0,17873,0,0,0
"1",0,0,0,0,10574,7146,0,0,17485,0,0,0
"2",0,0,0,0,5812,12342,4123,0,11878,0,1050,0
"3",0,0,0,0,2029,6160,0,0,27016,0,0,0
"4",0,1380,0,0,6518,10383,0,0,14456,0,2468,0
"5",0,0,0,0,1004,13712,2701,1921,14479,0,1388,0
"6",0,0,0,0,6119,14794,2669,0,8963,0,2660,0
"7",0,0,0,0,8848,9621,0,0,14614,0,2122,0
"8",0,30,0,795,7963,9718,1213,0,13543,0,1943,0
"9",0,0,0,1332,1402,6454,0,2326,23530,0,161,0
"10",0,0,0,0,8381,10416,0,2178,13756,0,474,0
"11",0,0,0,0,5978,12946,2253,0,14028,0,0,0
"12",0,0,0,0,4815,7325,0,0,23065,0,0,0
"13",0,0,0,0,16242,428,0,584,16079,0,1872,0
"14",1206,0,0,0,12391,10121,0,0,10683,0,804,0
"15",0,4113,0,0,11075,9040,0,0,10226,0,751,0
"16",0,0,0,0,9098,6201,0,0,10921,0,8985,0
"1",0,0,0,0,3702,8366,525,0,21529,0,1083,0
"2",0,0,0,0,1847,15634,0,0,17724,0,0,0
"3",0,0,0,591,11507,2156,3875,0,16227,0,849,0
"4",0,1283,9195,0,3074,4065,0,0,16947,0,641,0
"5",0,0,0,0,1035,9498,0,0,21018,0,3654,0
"6",0,0,0,0,5361,7486,0,0,22358,0,0,0
"7",0,0,0,1141,1419,7832,0,538,17435,0,6840,0
"8",1460,0,0,999,3449,10715,0,594,17988,0,0,0
"9",0,0,0,0,5065,6438,345,0,20607,0,0,2750
"10",0,0,0,0,9440,4842,0,0,20923,0,0,0
"11",0,0,0,0,5807,13917,0,0,14529,0,146,806
"12",0,0,0,0,5313,15011,0,0,8554,0,6327,0
"13",0,0,0,0,7306,16928,0,1335,9096,0,540,0
"14",2161,0,0,0,13662,5395,0,0,13987,0,0,0
"15",0,0,0,0,1921,15365,0,0,14892,0,3027,0
"16",0,0,0,0,10564,7508,0,144,14156,0,2833,0
"1",0,0,0,240,5731,6645,0,3936,17861,0,792,0
"2",0,0,0,0,10754,10011,0,0,14440,0,0,0
"3",0,849,0,0,2203,10262,0,6928,12991,0,1972,0
"4",0,0,0,0,6038,8701,0,0,20188,0,278,0
"5",0,970,0,0,4813,8236,0,0,15411,0,5775,0
"6",0,0,0,0,1421,13767,0,0,20017,0,0,0
"7",0,0,0,0,4738,3714,0,0,22993,0,3760,0
"8",0,0,0,0,5989,12479,0,0,12289,0,4448,0
"9",0,590,0,0,1238,3189,0,0,22980,0,7208,0
"10",0,0,0,0,11878,6470,0,0,16857,0,0,0
"11",0,0,0,0,7863,5012,0,0,19134,0,3196,0
"12",0,0,0,0,15641,4222,0,0,9041,0,6301,0
"13",0,0,0,2890,1753,10669,0,971,13475,0,5447,0
"14",0,0,0,0,8007,4145,0,0,20981,0,2072,0
"15",237,0,0,0,3605,7345,2856,0,19462,0,1700,0
"16",0,689,0,1624,5846,16384,0,0,10662,0,0,0
"1",0,0,0,0,134,10940,0,0,24131,0,0,0
"2",0,0,0,0,8841,10583,0,0,13252,0,2529,0
"3",0,0,0,985,8488,11648,0,0,14084,0,0,0
"4",0,0,0,0,1528,7985,0,0,24180,0,1512,0
"5",0,572,0,757,4249,6285,0,66,22964,0,312,0
"6",0,0,0,0,2220,5708,6047,0,17472,0,2009,1749
"7",0,0,0,342,3010,7785,0,0,23732,0,336,0
"8",0,0,0,0,8371,11860,0,0,12078,0,2896,0
"9",0,0,0,0,5553,9090,0,0,14880,0,0,5682
"10",0,0,0,0,10139,5594,0,0,16441,0,3031,0
"11",0,0,0,0,0,15074,2318,0,17003,0,810,0
"12",0,0,0,0,5420,17971,0,0,10604,0,1210,0
"13",1546,0,0,0,12502,5793,907,0,14457,0,0,0
"14",0,4896,0,2453,6362,9704,0,0,9321,0,2469,0
"15",0,0,0,492,11911,9687,2175,0,10520,0,420,0
"16",1163,0,0,0,6375,3662,1352,0,20526,0,2127,0
"1",0,0,0,0,8052,3801,0,7099,16253,0,0,0
"2",0,0,0,0,7409,16317,0,0,7063,0,4416,0
"3",0,0,0,0,6966,12693,0,0,15546,0,0,0
"4",0,0,0,0,6616,6776,0,0,16541,0,5272,0
"5",0,0,0,0,5526,1984,0,1687,22150,0,3858,0
"6",0,0,0,191,3970,11056,0,5118,14870,0,0,0
"7",0,0,0,431,5539,14864,92,0,14279,0,0,0
"8",0,0,0,0,2561,8632,0,0,24012,0,0,0
"9",0,0,0,0,53,11988,0,0,19709,0,1440,2015
"10",0,0,0,0,3612,6026,0,0,25191,0,376,0
"11",0,0,0,0,674,12516,257,0,20987,0,771,0
"12",0,0,0,0,6192,8542,0,0,20471,0,0,0
"13",0,0,0,0,9537,16469,0,1976,7223,0,0,0
"14",0,2253,0,0,11802,13818,0,425,4889,0,2018,0
"15",0,0,0,0,6256,17165,0,0,11784,0,0,0
"16",0,0,0,0,1460,5809,1,1989,21443,0,4503,0
"1",0,0,0,594,7993,2295,0,0,20120,0,4203,0
"2",0,0,0,0,1362,7270,2991,0,18054,0,5528,0
"3",0,0,0,1059,7920,1504,0,156,19811,0,4755,0
"4",0,861,0,0,5393,3758,0,0,24526,0,667,0
"5",0,0,0,0,14457,8963,0,0,10969,0,816,0
"6",0,0,0,0,13066,7129,0,0,13594,0,1416,0
"7",0,0,0,1099,3266,9053,0,757,21030,0,0,0
"8",0,2188,0,0,1302,13122,0,0,16541,0,1143,909
"9",0,0,0,0,3278,5195,0,2975,21091,0,62,2604
"10",0,0,0,1809,2190,18410,3252,0,8266,0,1278,0
"11",0,0,0,0,10120,5086,0,1432,13455,0,5112,0
"12",0,0,0,0,1238,20421,0,0,12510,0,0,1036
"13",0,0,0,0,9219,8615,1726,164,15481,0,0,0
"14",0,0,0,0,1640,15323,629,0,16707,0,906,0
"15",0,0,0,0,4081,11865,0,0,16780,0,2479,0
"16",0,0,0,0,6635,6779,0,0,21791,0,0,0
"1",0,0,0,0,6912,15607,0,0,12686,0,0,0
"2",0,0,0,0,0,7436,0,0,26969,0,800,0
"3",0,1270,0,0,10535,11273,0,0,10350,0,0,1777
"4",0,0,0,0,2669,13710,1241,0,16693,0,892,0
"5",0,0,0,0,2111,8389,0,0,23816,0,889,0
"6",0,0,0,0,9685,11029,0,0,11113,0,3378,0
"7",0,0,0,3898,5549,7583,0,0,18175,0,0,0
"8",0,0,0,0,11000,10185,169,0,11666,0,2185,0
"9",0,0,0,0,4862,11213,2344,0,14917,0,918,951
"10",0,3248,0,0,9854,2139,0,0,18658,0,1306,0
"11",0,1225,0,2018,3599,16333,0,0,9084,0,2946,0
"12",0,0,0,110,9205,11554,0,0,13868,0,468,0
"13",0,0,0,4640,7151,3092,0,0,20071,0,251,0
"14",0,0,0,0,4963,7435,0,0,22807,0,0,0
"15",0,0,0,0,5501,5443,0,0,22930,0,1331,0
"16",0,2375,0,0,6823,2312,0,0,20822,0,2873,0
"1",0,0,0,0,2344,4449,289,0,27652,0,471,0
"2",0,0,0,481,2354,11834,3325,134,17009,0,68,0
"3",0,478,0,0,8415,12265,3392,15,10640,0,0,0
"4",0,0,0,0,13330,2825,0,0,15416,0,3634,0
"5",0,0,0,0,3059,3950,0,43,19777,0,8376,0
"6",0,0,0,0,3311,10803,0,0,19465,0,1626,0
"7",0,847,0,0,7484,9696,0,0,16599,0,579,0
"8",0,930,0,0,4013,4560,0,0,25702,0,0,0
"9",0,0,0,0,3103,14866,718,0,16518,0,0,0
"10",0,0,0,0,8397,14797,0,0,12011,0,0,0
"11",0,0,0,0,8798,14480,0,0,10681,0,1246,0
"12",0,0,0,0,3755,5381,0,0,20192,0,5374,503
"13",0,0,0,0,93,7166,1500,0,19818,0,6628,0
"14",0,0,0,1880,4678,12143,0,0,15903,0,601,0
"15",0,0,0,0,6287,11447,0,0,15163,0,2308,0
"16",0,0,0,0,5120,13466,359,0,16260,0,0,0
"1",0,0,0,0,4081,16395,0,0,13571,0,1158,0
"2",0,4178,0,0,6799,11302,0,0,11677,0,1249,0
"3",0,0,0,539,1482,11739,0,2480,18913,0,52,0
"4",0,0,0,0,8278,7320,0,0,19607,0,0,0
"5",0,0,0,0,8070,12647,0,0,14488,0,0,0
"6",0,0,0,0,3530,2476,0,0,25690,0,3509,0
"7",0,0,0,0,9847,11121,0,0,13528,0,243,466
"8",0,0,0,0,3526,7550,0,0,23789,0,340,0
"9",0,2836,0,0,288,6440,0,0,22187,0,3454,0
"10",0,1155,0,0,2941,2670,0,0,22891,0,4312,1236
"11",0,0,0,0,10014,10303,0,0,14888,0,0,0
"12",0,2998,0,0,8022,5507,0,0,18678,0,0,0
"13",4038,0,944,2286,2215,5644,0,0,17668,0,2410,0
"14",0,0,777,0,8442,5960,252,0,12469,0,7305,0
"15",0,0,0,2890,679,3832,0,0,23245,0,4559,0
"16",0,0,0,0,5623,15670,0,0,11365,0,2547,0
"1",0,0,0,617,7028,9445,0,0,18115,0,0,0
"2",0,0,0,0,9861,10998,0,1691,12655,0,0,0
"3",0,0,0,0,13573,5368,0,27,16217,0,20,0
"4",0,0,0,0,4540,15119,0,0,14318,0,1228,0
"5",0,0,0,0,3600,24427,0,0,6354,0,824,0
"6",0,0,0,0,5514,7940,0,0,21751,0,0,0
"7",0,0,0,0,5244,6886,8851,2258,11937,0,29,0
"8",0,0,0,0,11145,12279,0,0,5536,0,6245,0
"9",0,879,0,0,10286,7676,800,0,14391,0,1173,0
"10",0,0,0,0,4255,3664,0,2309,21413,0,3564,0
"11",0,135,0,0,3406,12593,0,2064,13394,0,3613,0
"12",0,0,0,0,8311,6369,3208,0,12781,0,4536,0
"13",0,0,0,0,6800,5162,0,0,23243,0,0,0
"14",0,0,0,0,7490,11038,0,1052,15625,0,0,0
"15",2434,0,0,0,3136,12422,0,0,16978,0,235,0
"16",0,0,0,0,3190,5863,0,2531,23554,0,67,0
"1",0,0,0,0,13777,12376,0,1188,7305,0,559,0
"2",0,0,0,0,0,27773,0,0,7432,0,0,0
"3",0,0,0,2562,13393,6569,0,0,9357,0,3324,0
"4",0,0,0,1378,4392,5810,0,0,23625,0,0,0
"5",1602,890,0,0,792,11943,0,0,17460,0,2518,0
"6",0,0,0,0,6247,12431,0,0,14891,0,1636,0
"7",0,0,0,0,3512,14960,0,0,16402,0,331,0
"8",0,0,0,0,5343,6877,0,1652,19549,0,1784,0
"9",0,0,0,0,5159,8058,0,54,21934,0,0,0
"10",0,0,0,0,5594,13073,0,0,14521,0,2017,0
"11",0,0,0,1509,3446,11652,0,0,18598,0,0,0
"12",0,1214,0,0,10565,3290,0,653,17574,0,1909,0
"13",0,0,0,0,8661,7291,0,0,12026,0,7227,0
"14",0,0,0,4705,6987,6200,0,0,17313,0,0,0
"15",0,0,0,781,4934,10466,0,0,18855,0,114,55
"16",0,0,0,0,4215,10160,0,0,17072,0,3758,0
"1",0,0,0,24,10186,4943,569,0,15622,0,3861,0
"2",0,0,0,0,4132,5865,0,0,25208,0,0,0
"3",0,310,0,179,3897,25201,0,0,5618,0,0,0
"4",0,0,0,0,2398,7547,0,0,22281,0,2979,0
"5",0,0,0,0,7090,9174,0,0,15994,0,2947,0
"6",0,0,0,0,5912,8246,2491,0,18556,0,0,0
"7",0,0,0,3275,5106,5701,1178,0,16655,0,3290,0
"8",0,4616,0,0,8937,7094,0,0,12237,0,2321,0
"9",0,0,0,0,10982,8201,258,0,11781,0,3983,0
"10",0,0,0,0,3636,8024,2032,0,21513,0,0,0
"11",0,0,0,0,4719,10384,0,517,19585,0,0,0
"12",0,0,0,0,6829,6337,0,0,21476,0,563,0
"13",0,0,0,0,11102,3153,1020,0,19930,0,0,0
"14",0,0,0,0,1592,18141,506,0,14533,0,433,0
"15",0,1949,0,0,1706,12915,0,0,17285,0,1350,0
"16",0,2348,0,0,9414,7281,1099,0,14174,0,889,0
"1",0,0,0,0,1888,6962,0,0,25504,0,851,0
"2",0,2037,0,0,566,8244,0,0,23400,0,958,0
"3",0,0,0,258,3179,7524,0,68,23756,0,0,420
"4",0,0,0,0,3601,12160,0,0,19264,0,180,0
"5",0,0,0,0,6616,11297,0,1095,15534,0,663,0
"6",0,0,0,0,4267,15340,0,0,15598,0,0,0
"7",0,0,0,0,14447,5254,0,0,13588,0,1916,0
"8",0,0,0,83,3302,18436,3744,1432,8208,0,0,0
"9",0,0,0,658,3893,15247,0,0,14985,0,422,0
"10",0,0,0,0,2565,10379,124,523,21614,0,0,0
"11",0,0,0,0,8371,4587,0,0,16616,0,5631,0
"12",0,0,0,544,0,12639,0,0,18978,0,3044,0
"13",0,0,0,0,2844,6122,0,0,21867,0,2174,2198
"14",0,0,0,0,8454,9327,2655,0,14769,0,0,0
"15",0,0,0,2056,7492,12271,0,2577,10809,0,0,0
"16",0,0,0,0,13367,13899,0,0,7345,0,594,0
"1",0,0,0,326,0,11186,0,0,20881,0,2812,0
"2",0,0,0,0,3086,10480,0,0,21320,0,319,0
"3",0,0,0,0,1787,14793,0,0,13403,0,5222,0
"4",538,0,0,0,12093,10304,1244,0,9910,0,1116,0
"5",0,0,0,0,3295,4767,0,0,19698,0,7445,0
"6",0,0,1308,2733,2050,3665,0,0,24472,0,977,0
"7",0,609,0,3760,12104,7027,0,0,10854,0,0,851
"8",0,183,0,0,1244,6888,0,0,26890,0,0,0
"9",0,0,0,0,4286,13932,2446,0,13442,0,1099,0
"10",0,540,0,0,2706,16074,0,2654,12430,0,801,0
"11",0,0,0,0,14496,4476,139,0,13735,0,2359,0
"12",0,0,0,606,3720,18853,0,3647,8379,0,0,0
"13",0,0,0,0,5981,11659,0,0,14408,0,3157,0
"14",0,256,0,0,2135,16830,0,0,15984,0,0,0
"15",0,0,0,0,4883,23582,0,0,6740,0,0,0
"16",0,0,0,0,5544,11900,0,0,15152,0,2609,0
"1",0,0,0,0,1458,6217,0,0,24526,0,3004,0
"2",359,0,0,3257,9499,2217,0,0,19873,0,0,0
"3",0,0,0,0,0,8744,0,0,25052,0,1409,0
"4",4177,0,0,553,4756,477,0,0,25242,0,0,0
"5",0,0,0,0,6323,16651,0,0,10354,0,1877,0
"6",0,553,0,2263,6447,4518,4097,0,17327,0,0,0
"7",0,0,0,280,6270,1261,0,0,22434,0,4960,0
"8",0,0,0,0,4730,11681,0,0,14383,0,4411,0
"9",0,0,0,0,2998,16390,310,0,15507,0,0,0
"10",0,0,0,7226,4914,7545,0,0,15111,0,409,0
"11",0,2977,0,3911,3985,11837,0,0,11297,0,1198,0
"12",0,0,0,0,4534,15504,0,0,15167,0,0,0
"13",0,0,0,0,9793,6983,0,0,13997,0,4432,0
"14",1021,0,0,0,5212,11699,4183,0,13090,0,0,0
"15",0,0,0,0,1863,15440,1218,568,15181,0,935,0
"16",0,0,0,0,4514,9889,973,1311,18518,0,0,0
"1",0,0,0,5020,3767,5924,0,0,17725,0,2769,0
"2",0,0,0,0,3759,9533,0,0,21913,0,0,0
"3",0,598,0,0,3281,10312,580,0,18083,0,2351,0
"4",0,0,0,0,3270,6312,0,0,25623,0,0,0
"5",0,0,0,0,3964,8614,2914,0,15209,0,2715,1789
"6",0,0,0,0,3991,7312,0,0,22490,0,1412,0
"7",0,0,0,0,5773,4393,267,0,23927,0,845,0
"8",0,0,0,2314,3353,4138,0,638,21001,0,3761,0
"9",0,930,0,0,10695,7341,949,0,10931,0,4359,0
"10",0,1242,0,0,5365,6595,64,1041,20898,0,0,0
"11",0,0,0,0,5508,3882,0,1242,20950,0,3623,0
"12",364,0,0,0,8195,7258,0,736,16794,0,1858,0
"13",0,0,0,0,16980,6108,189,0,9021,0,2907,0
"14",0,111,0,1154,222,5614,2141,0,23081,0,2882,0
"15",0,0,1041,4397,658,13556,0,0,13444,0,2109,0
"16",0,0,0,0,18062,5561,569,0,11013,0,0,0
"1",512,0,0,0,7461,7256,0,1997,15444,0,1161,1374
"2",0,0,0,0,3079,7981,509,0,23636,0,0,0
"3",0,0,0,428,960,19447,0,0,14370,0,0,0
"4",0,0,1747,0,5358,5760,0,559,17853,0,3304,624
"5",0,0,0,0,2929,8255,0,0,20772,0,3249,0
"6",0,0,0,0,4930,4036,0,3166,23073,0,0,0
"7",0,0,0,0,8519,7910,0,0,15447,0,3329,0
"8",0,0,0,0,2063,6321,0,0,25022,0,1799,0
"9",0,0,0,0,8272,13994,0,2075,7835,0,3029,0
"10",0,0,0,0,7144,3654,0,0,24407,0,0,0
"11",0,0,0,0,6371,6907,0,0,20114,0,1813,0
"12",0,0,0,0,5591,9839,0,0,19775,0,0,0
"13",0,0,0,694,2621,11195,0,0,20304,0,391,0
"14",0,3265,0,3897,8343,6248,0,0,11897,0,1555,0
"15",0,0,0,0,6372,12093,0,0,15542,0,1198,0
"16",0,489,0,0,4110,6777,4418,0,13843,0,5568,0
"1",0,0,0,1689,1544,8144,0,0,22788,0,1040,0
"2",2303,0,1056,2463,3603,5125,0,1970,18685,0,0,0
"3",0,0,0,0,8533,16213,0,0,10459,0,0,0
"4",0,0,0,5481,93,5083,1906,0,22642,0,0,0
"5",0,0,0,0,2115,2772,318,0,25803,0,4197,0
"6",0,0,0,0,11628,9839,0,698,10902,0,2138,0
"7",0,3925,0,0,3225,7775,0,0,14860,0,5420,0
"8",0,0,0,0,5797,5440,0,0,14635,0,9333,0
"9",0,0,0,0,16304,5375,0,0,13526,0,0,0
"10",0,0,0,0,4022,6901,0,0,17680,0,6602,0
"11",0,0,0,0,8940,14497,2304,0,7210,0,2254,0
"12",0,0,0,200,6758,8108,0,0,20139,0,0,0
"13",0,0,0,1685,7481,10556,0,0,15483,0,0,0
"14",753,0,0,0,3560,6944,0,0,22119,0,1829,0
"15",0,0,0,0,2598,10679,80,207,20359,0,1282,0
"16",0,0,0,0,1984,3241,1517,1012,26737,0,714,0
"1",0,0,0,0,2608,5557,0,0,27040,0,0,0
"2",0,0,0,0,13026,6516,0,0,14538,0,1125,0
"3",0,0,0,478,5613,16162,0,0,11594,0,1358,0
"4",0,0,0,0,5643,12297,0,0,16686,0,579,0
"5",0,0,0,0,8581,10087,0,3132,12657,0,748,0
"6",639,0,0,0,10171,8427,1276,620,14051,0,21,0
"7",0,0,0,0,10462,4827,0,0,19663,0,253,0
"8",0,1479,0,0,2561,16003,807,0,14355,0,0,0
"9",0,0,0,0,3896,13010,0,0,14808,0,0,3491
"10",0,0,0,0,5604,6437,0,0,22048,0,1116,0
"11",0,0,0,0,3148,12754,0,0,19197,0,106,0
"12",0,0,0,0,8213,7992,0,989,18011,0,0,0
"13",1334,2621,0,0,4823,11433,1375,0,11557,0,2062,0
"14",0,494,0,0,12590,10484,0,0,10758,0,879,0
"15",0,0,0,0,3355,968,0,0,22898,0,7984,0
"16",0,0,0,0,8361,12090,0,0,14338,0,416,0
"1",0,0,0,0,12403,3958,0,0,18844,0,0,0
"2",0,0,0,0,5035,13892,2091,0,14187,0,0,0
"3",0,0,0,0,7063,10736,4135,0,12229,0,1042,0
"4",0,0,728,0,2086,12666,0,0,18969,0,756,0
"5",0,7282,0,1435,1295,9576,0,0,14994,0,623,0
"6",0,0,0,0,5639,2778,0,0,21592,0,4430,766
"7",959,0,0,0,3729,7409,0,0,21377,0,0,1731
"8",0,0,0,0,4987,8175,0,0,12246,0,9789,8
"9",0,146,0,0,0,13590,0,0,21166,0,303,0
"10",0,0,0,0,6925,4995,0,4007,19065,0,213,0
"11",0,0,0,0,9448,10603,0,0,15154,0,0,0
"12",0,0,0,0,7699,11349,0,0,15414,0,743,0
"13",0,0,0,382,3495,6992,3999,0,18073,0,1043,1221
"14",0,0,0,0,7369,6847,0,0,20494,0,495,0
"15",0,0,0,0,4958,3549,0,0,26698,0,0,0
"16",0,182,0,1268,11517,8957,0,0,13281,0,0,0
"1",0,0,0,81,15864,3467,0,0,15715,0,78,0
"2",0,0,0,3337,7864,8166,0,0,15838,0,0,0
"3",0,1372,0,0,4646,4202,247,0,23236,0,1502,0
"4",0,0,0,2514,4137,5332,0,0,23222,0,0,0
"5",0,1117,0,0,1691,4270,280,0,27133,0,714,0
"6",0,0,0,2375,2603,17264,0,0,9281,0,3682,0
"7",0,0,0,0,10079,15468,0,0,6225,0,3433,0
"8",0,1560,0,0,7374,4833,202,1024,20212,0,0,0
"9",0,1343,0,0,3865,15419,0,0,9826,0,4752,0
"10",0,0,0,0,1365,11911,0,0,8936,0,11160,1833
"11",0,0,0,0,3009,11758,0,0,19381,0,1057,0
"12",0,0,0,457,4519,18587,0,0,11642,0,0,0
"13",0,0,0,0,3009,11758,0,0,19381,0,1057,0
"14",0,0,0,0,6603,5403,701,0,18423,0,2436,1639
"15",0,0,0,0,4090,7249,0,0,23866,0,0,0
"16",6084,0,0,0,4794,5767,0,0,14231,0,4329,0
"1",0,0,0,0,275,4422,0,6403,10062,0,14043,0
"2",0,0,0,0,0,12526,0,0,22558,0,121,0
"3",0,0,0,0,2539,16995,0,2788,12358,0,525,0
"4",0,0,0,0,0,8111,4043,0,23051,0,0,0
"5",0,0,0,298,5740,6207,5703,675,14570,0,2012,0
"6",0,3800,0,0,5487,3774,0,0,18766,0,3378,0
"7",2294,1716,0,0,5379,6847,0,0,17563,0,1406,0
"8",0,0,0,0,6670,5369,0,0,23009,0,157,0
"9",0,0,0,0,11393,4693,0,1407,16107,0,1605,0
"10",0,0,0,0,17179,2371,0,0,14010,0,1645,0
"11",0,0,0,2699,2954,16097,0,0,13455,0,0,0
"12",0,0,0,0,9087,10627,0,0,11798,0,3693,0
"13",0,0,0,0,7941,7129,0,0,20135,0,0,0
"14",0,0,0,0,11125,7820,0,0,12827,0,627,2806
"15",0,0,0,0,6261,4214,0,0,20698,0,4032,0
"16",0,0,0,0,2903,15023,685,0,12712,0,2916,966
"1",0,0,1957,0,4053,2678,3861,0,15048,0,7608,0
"2",0,0,0,482,4567,19762,0,0,10394,0,0,0
"3",0,0,0,0,5033,3602,0,0,23642,0,2928,0
"4",0,535,0,0,9592,6251,0,0,18373,0,454,0
"5",0,0,0,0,346,9784,0,1942,18836,0,4297,0
"6",0,0,0,0,547,8688,0,1519,20122,0,4329,0
"7",0,0,0,0,13609,2319,0,0,18682,0,595,0
"8",0,7605,0,0,2052,12595,0,4208,7087,0,1658,0
"9",0,0,0,1022,2686,15988,0,0,13675,0,1834,0
"10",0,0,0,1923,7724,5638,4281,0,15639,0,0,0
"11",0,0,0,0,8879,1840,3641,879,19459,0,507,0
"12",0,0,0,0,7197,18433,0,0,9017,0,558,0
"13",0,0,0,0,5086,3565,0,0,23881,0,2673,0
"14",0,2846,0,0,6438,681,3820,2754,18666,0,0,0
"15",0,0,0,0,4785,8728,0,0,19449,0,2243,0
"16",0,0,0,0,4632,12425,0,0,16872,0,0,1276
"1",0,0,0,0,17354,1470,0,0,16381,0,0,0
"2",0,507,0,0,5055,10351,0,1473,17819,0,0,0
"3",0,2058,2317,0,8742,8356,0,0,13732,0,0,0
"4",0,0,0,1138,11438,4176,0,0,18453,0,0,0
"5",0,0,0,0,7205,6004,0,0,21996,0,0,0
"6",0,0,0,0,18166,12556,0,0,4186,0,297,0
"7",0,0,3281,0,2560,9715,3143,1022,15484,0,0,0
"8",0,0,0,0,11190,5146,0,0,16863,0,2006,0
"9",2279,0,0,0,6829,11155,0,0,8895,0,6047,0
"10",0,0,0,916,7608,8791,0,1531,16359,0,0,0
"11",0,202,0,0,8375,12610,0,0,13409,0,609,0
"12",0,0,0,0,1694,9005,0,0,24506,0,0,0
"13",0,0,0,0,4828,14346,0,0,16031,0,0,0
"14",0,0,0,0,1370,9377,307,0,21692,0,2459,0
"15",0,0,5077,0,4269,5366,0,1108,16319,0,3066,0
"16",2718,0,1983,0,8047,442,0,636,17765,0,3614,0
"1",0,0,0,0,2015,15426,801,0,14313,0,2650,0
"2",0,1114,0,0,5137,10237,0,0,17090,0,1627,0
"3",0,0,0,0,376,4494,0,0,26195,0,4140,0
"4",0,0,0,0,8940,5572,0,0,17742,0,2951,0
"5",0,0,0,0,7641,6020,0,0,20722,0,822,0
"6",0,0,0,0,5103,15950,0,332,13495,0,325,0
"7",0,0,0,0,4287,2666,0,0,25678,0,2574,0
"8",0,0,0,0,5195,8758,0,997,15365,0,4890,0
"9",0,0,0,851,3145,5429,0,0,23425,0,2355,0
"10",0,0,0,0,3695,131,0,0,27083,0,4296,0
"11",3888,0,0,0,8905,10366,0,0,9130,0,2916,0
"12",0,0,0,0,8132,4810,0,0,21605,0,658,0
"13",0,0,0,0,3925,684,4642,0,25954,0,0,0
"14",0,0,0,4384,3318,8592,0,282,17413,0,1216,0
"15",0,0,0,0,4616,6352,228,0,20017,0,3992,0
"16",0,0,0,1032,5033,12904,0,0,13817,0,2419,0
"1",0,0,0,0,7154,20043,0,0,5950,0,1656,402
"2",0,0,0,592,6814,3550,0,0,24249,0,0,0
"3",0,0,0,0,2658,3892,0,0,25522,0,3133,0
"4",0,0,0,0,7215,4802,0,0,22798,0,390,0
"5",0,0,0,76,11590,12964,0,0,7883,0,2554,138
"6",938,0,0,0,2304,16358,0,0,15605,0,0,0
"7",0,0,0,0,9492,9708,0,1779,14226,0,0,0
"8",0,668,0,0,4004,7640,1339,0,18950,0,2604,0
"9",0,0,1771,249,5700,10094,0,0,15138,0,2253,0
"10",0,0,0,0,2498,20230,2365,0,8440,0,1265,407
"11",0,0,0,0,6708,11820,0,0,16450,0,227,0
"12",0,4321,0,0,11919,3764,0,0,15201,0,0,0
"13",0,0,0,0,4325,4954,0,0,25926,0,0,0
"14",0,0,0,0,4255,12714,2731,0,8936,0,6569,0
"15",0,0,0,2987,10792,3009,0,0,18405,0,12,0
"16",0,0,0,0,2613,14211,0,0,17072,0,1309,0
"1",0,0,0,0,9519,16305,0,0,8171,0,1210,0
"2",0,0,0,0,9245,13395,0,1756,10809,0,0,0
"3",0,0,0,0,4646,14568,0,466,12466,0,0,3059
"4",0,0,0,2604,6144,3698,0,0,22759,0,0,0
"5",0,0,0,0,1132,16489,0,0,17584,0,0,0
"6",0,0,0,0,4751,10469,0,0,18735,0,1250,0
"7",0,0,0,0,8370,4586,0,0,19302,0,0,2947
"8",0,0,0,0,10880,8880,256,0,9961,0,2511,2717
"9",0,0,0,0,3889,9221,0,0,22095,0,0,0
"10",0,0,0,0,4492,7491,0,0,18636,0,4586,0
"11",0,0,0,27,4279,7192,0,0,22416,0,1291,0
"12",0,0,0,0,6873,11167,0,0,16524,0,641,0
"13",0,0,0,0,7617,8206,0,0,19026,0,356,0
"14",0,202,0,0,12237,7525,548,0,12195,0,2498,0
"15",0,0,0,0,8172,6799,0,0,9161,0,11073,0
"16",0,0,0,924,1209,4324,0,399,22112,0,6237,0
"1",0,0,0,0,9320,5547,0,0,20338,0,0,0
"2",0,690,0,0,3315,11495,1129,0,10467,0,5239,2870
"3",0,0,0,0,8594,3904,0,0,19116,0,1546,2045
"4",0,0,0,0,7407,4832,5036,0,17930,0,0,0
"5",0,0,0,0,2245,9521,0,0,16422,0,7017,0
"6",0,0,0,0,611,13874,0,0,13013,0,7707,0
"7",0,0,0,0,7060,10969,0,2968,14208,0,0,0
"8",0,0,0,0,4617,17074,0,0,13066,0,448,0
"9",0,0,0,0,7790,12089,0,0,10324,0,5002,0
"10",0,0,0,0,698,8596,577,0,22428,0,2906,0
"11",107,0,0,0,1197,1649,0,0,22314,0,9938,0
"12",0,375,0,0,4561,4111,0,4650,19890,0,1618,0
"13",0,0,0,0,9759,5240,0,0,17503,0,2703,0
"14",0,4838,0,0,12879,10334,0,0,6954,0,200,0
"15",0,0,0,0,2420,16416,0,534,11668,0,4167,0
"16",0,0,0,0,7935,8675,0,3251,13708,0,797,839
"1",0,0,0,0,6890,18907,0,0,9408,0,0,0
"2",0,0,0,0,2680,6391,0,223,24580,0,1331,0
"3",0,0,0,0,5460,16082,1729,0,10072,0,1862,0
"4",0,1038,0,258,3195,17424,0,0,13290,0,0,0
"5",0,0,0,0,7617,6186,57,2019,17320,0,2006,0
"6",0,0,0,0,8444,9681,0,0,13407,0,3673,0
"7",0,0,0,0,4565,2882,0,1399,26359,0,0,0
"8",0,0,0,1156,3897,14941,0,0,15211,0,0,0
"9",0,0,0,1025,979,12524,0,867,17661,0,2149,0
"10",0,0,0,0,8424,9471,0,0,16523,0,0,787
"11",0,0,0,0,4723,5579,0,0,20914,0,1843,2146
"12",0,0,0,0,2112,12428,0,0,20665,0,0,0
"13",0,0,566,0,6992,9238,0,1522,14555,0,2332,0
"14",0,4280,0,176,5343,9098,0,0,10888,0,5420,0
"15",0,0,0,0,12271,9468,0,0,11571,0,1895,0
"16",0,0,0,0,5196,4102,0,0,25907,0,0,0
"1",0,0,0,0,776,13805,0,0,20370,0,254,0
"2",0,0,0,0,3875,9634,2395,0,19301,0,0,0
"3",1437,0,0,0,2261,5529,0,7956,12280,0,5742,0
"4",0,0,0,0,10353,2814,1831,0,14423,0,5784,0
"5",0,0,0,0,11503,2166,0,0,19337,0,2199,0
"6",0,0,0,0,8874,3049,0,0,19770,0,3512,0
"7",0,0,0,0,2008,13032,1550,0,15622,0,2993,0
"8",0,0,0,0,9432,8768,0,409,13718,0,2878,0
"9",0,0,0,0,2514,13672,0,0,18923,0,96,0
"10",0,491,468,0,9130,5435,0,0,15717,0,3964,0
"11",0,0,0,557,11887,5231,0,0,15896,0,1634,0
"12",0,0,0,0,1654,9210,2077,0,21523,0,741,0
"13",0,0,0,0,10137,5550,0,0,15869,0,3649,0
"14",0,0,1134,0,5784,16864,0,0,11423,0,0,0
"15",0,0,0,0,7095,6596,0,0,21514,0,0,0
"16",0,0,0,0,8971,6199,1372,0,18663,0,0,0
"1",0,0,0,0,8265,10861,0,0,15505,0,574,0
"2",0,0,0,0,4734,11382,0,1006,18083,0,0,0
"3",0,0,0,0,5460,6070,0,0,21012,0,2663,0
"4",0,0,0,0,5036,11674,0,0,18495,0,0,0
"5",0,0,0,0,6970,14719,0,265,7198,0,6053,0
"6",0,0,0,0,5380,8921,125,0,20779,0,0,0
"7",0,0,0,0,3090,7530,0,0,21214,0,3371,0
"8",0,0,0,0,842,17133,0,0,15926,0,1304,0
"9",0,0,0,1647,8816,1594,0,0,23148,0,0,0
"10",0,3632,0,0,5240,9686,0,0,16026,0,621,0
"11",0,0,0,0,3889,15145,0,0,12850,0,3321,0
"12",0,0,0,0,1797,7329,0,0,23556,0,2523,0
"13",0,0,0,0,7599,12430,0,0,13893,0,1283,0
"14",0,0,0,0,2258,10221,8468,2480,9288,0,2490,0
"15",0,0,0,0,4774,3191,0,0,27221,0,19,0
"16",0,0,0,0,10264,7267,0,2536,15138,0,0,0
"1",0,0,0,0,5266,5851,685,0,20111,0,3292,0
"2",0,0,0,0,7532,11166,1215,0,9930,0,5362,0
"3",0,0,0,0,5962,6456,0,0,21395,0,1392,0
"4",0,0,0,0,5004,4074,0,0,16600,0,9527,0
"5",0,0,0,0,10922,3500,606,574,18899,0,704,0
"6",0,0,0,6183,1691,3007,0,2157,21858,0,309,0
"7",0,0,0,894,585,8724,0,0,25002,0,0,0
"8",0,0,0,0,5172,5261,4087,0,18434,0,2251,0
"9",893,0,0,0,6104,13557,400,1814,6686,0,1908,3843
"10",0,0,0,101,1872,10874,0,23,22335,0,0,0
"11",0,0,0,0,9590,9290,0,0,13060,0,48,3217
"12",0,0,0,2383,6060,12404,0,0,8976,0,5382,0
"13",0,0,0,0,19447,4116,0,0,10211,0,1431,0
"14",0,0,0,0,4959,9025,1012,221,19124,0,864,0
"15",4942,0,0,0,5119,10896,0,0,12170,0,1306,772
"16",0,0,0,0,6099,3264,0,0,22455,0,3387,0
"1",0,0,0,0,4355,12137,0,0,17596,0,1117,0
"2",0,0,0,1946,6220,16501,0,0,8003,0,0,2535
"3",0,0,0,0,635,5031,610,0,25961,0,2968,0
"4",0,0,0,0,1077,18521,0,266,15341,0,0,0
"5",0,0,0,0,3201,5779,1794,2043,22388,0,0,0
"6",0,0,0,0,6472,12574,0,0,14905,0,1254,0
"7",0,0,0,0,16833,6239,0,0,12100,0,33,0
"8",0,0,0,0,3970,8313,708,700,21036,0,478,0
"9",0,0,0,0,15093,11385,0,0,6874,0,1853,0
"10",0,0,0,0,10660,3749,0,0,15290,0,5506,0
"11",0,268,0,0,4109,9007,0,0,21812,0,9,0
"12",0,4127,0,1573,6430,11319,622,0,9741,0,1393,0
"13",0,0,0,0,6614,12098,0,0,14855,0,1638,0
"14",0,936,0,0,7404,6610,0,0,17651,0,1040,1564
"15",0,2903,0,4020,532,13868,1433,0,7920,0,4529,0
"16",0,0,0,0,5342,10596,0,0,19014,0,253,0
"1",0,0,0,0,3249,7807,0,0,14570,0,9579,0
"2",0,466,0,0,6093,17979,0,0,10667,0,0,0
"3",0,4695,0,0,9619,1253,0,0,18503,0,1135,0
"4",0,0,0,0,9302,9064,0,0,15837,0,1002,0
"5",0,0,0,0,2927,5352,0,2073,22979,0,1874,0
"6",0,0,0,0,573,19635,0,0,14997,0,0,0
"7",0,0,0,0,2137,8105,1465,754,22744,0,0,0
"8",0,0,0,0,6577,5288,0,0,19861,0,3479,0
"9",0,0,0,0,1891,11413,0,0,21901,0,0,0
"10",0,0,0,0,20477,3744,0,0,5089,0,5895,0
"11",0,0,0,0,7895,7340,261,0,18222,0,1487,0
"12",0,0,0,676,5045,2671,0,202,21404,870,4337,0
"13",0,0,0,0,16381,908,0,0,14828,0,2776,312
"14",0,0,0,0,5717,2836,0,0,23645,0,3007,0
"15",0,0,0,0,2091,6998,1569,0,24202,0,345,0
"16",0,0,0,0,3637,6010,0,0,14051,0,11507,0
"1",0,0,0,0,3498,12974,0,0,13553,0,5180,0
"2",0,0,0,0,7095,7512,0,0,19571,0,1027,0
"3",0,0,0,0,3154,5089,0,0,23614,0,3348,0
"4",0,0,0,0,5306,7193,0,0,21406,0,1300,0
"5",0,673,0,0,6393,5866,1081,0,16947,0,4245,0
"6",0,0,0,0,0,21282,0,0,13923,0,0,0
"7",0,0,5301,0,1613,13744,0,0,14547,0,0,0
"8",0,78,0,0,5992,10500,0,0,17312,0,1323,0
"9",0,0,0,0,3246,10958,8354,0,12647,0,0,0
"10",0,2477,0,302,1666,14602,0,0,16158,0,0,0
"11",0,0,0,0,127,11334,0,0,23603,0,141,0
"12",0,4465,0,0,8717,2912,0,0,18819,0,292,0
"13",0,0,0,0,5533,5884,0,0,21493,0,2295,0
"14",0,0,0,1822,11181,9752,0,0,8556,0,3894,0
"15",0,0,0,0,5442,9418,0,0,19378,0,967,0
"16",0,0,0,0,5726,7684,0,540,17452,0,3803,0
